{
    "accuracy": 0.9875,
    "precision": 0.975609756097561,
    "recall": 1.0,
    "f1_score": 0.9876543209876543,
    "auc": 1.0,
    "confusion_matrix": [
        [
            39,
            1
        ],
        [
            0,
            40
        ]
    ]
}